<launch4jConfig>
  <dontWrapJar>true</dontWrapJar>
  <headerType>gui</headerType>
  <jar>JSatTrak.jar</jar>
  <outfile>C:\Users\Shawn\Favorites\Documents\NetBeansProjects\JSatTrak\dist\JSatTrak.exe</outfile>
  <errTitle></errTitle>
  <cmdLine></cmdLine>
  <chdir></chdir>
  <priority>normal</priority>
  <downloadUrl>http://java.com/download</downloadUrl>
  <supportUrl></supportUrl>
  <customProcName>false</customProcName>
  <stayAlive>false</stayAlive>
  <manifest></manifest>
  <icon>C:\Users\Shawn\Favorites\Documents\NetBeansProjects\JSatTrak\Logo_src\JSatTrakLogo_48.ico</icon>
  <jre>
    <path></path>
    <minVersion>1.6.0</minVersion>
    <maxVersion></maxVersion>
    <jdkPreference>preferJre</jdkPreference>
    <maxHeapSize>512</maxHeapSize>
    <opt>-Dsun.java2d.noddraw=true</opt>
  </jre>
</launch4jConfig>